{
    "result": {
        "CHECKS": {
            "Account_check": {
                "Complete_Invoice": {
                    "Gst_Portal": "-",
                    "Invoice_data": "",
                    "status": "YES"
                },
                "Customer_Adress": {
                    "Gst_Portal": "No.71 , EPIP Industrial Area , Road No.3 , Bengaluru Urban , Karnataka , 560066",
                    "Invoice_data": "No.151, Hoodi\nVillage, KR Puram hobli Bangalore, -560066, karnataka, None, India",
                    "status": "Not Matching",
                    "color": "r",
                    "processor_remark": "",
                    "checker_remark": ""
                },
                "Customer_Name": {
                    "Gst_Portal": "GLODESI TECHNOLOGIES PRIVATE LIMITED",
                    "Invoice_data": "GLODESI TECHNOLOGIES PRIVATE\nLIMITED",
                    "status": "Matching",
                    "color": "r",
                    "processor_remark": "",
                    "checker_remark": ""
                },
                "Invoice_Blocked_Credit": {
                    "Gst_Portal": "",
                    "Invoice_data": "",
                    "status": "Okay"
                },
                "Invoice_Date": {
                    "Gst_Portal": " ",
                    "Invoice_data": "2025-05-30",
                    "status": "Okay"
                },
                "Invoice_Number": {
                    "Gst_Portal": " ",
                    "Invoice_data": "FY25-26/36",
                    "status": "Okay"
                },
                "Invoice_RCM-Services": {
                    "Gst_Portal": "",
                    "Invoice_data": "",
                    "status": "NO"
                },
                "Pre_year": {
                    "Gst_Portal": "-",
                    "Invoice_data": "",
                    "status": "NO"
                },
                "gstnumber_gstcharged": {
                    "Gst_Portal": "",
                    "Invoice_data": "",
                    "status": "Okay"
                },
                "valid_invoice": {
                    "Gst_Portal": "-",
                    "Invoice_data": "",
                    "status": "YES"
                }
            },
            "data_from_gst": {
                "206AB_Compliance": {
                    "fin_year": "2024-25",
                    "pan": "BDRPK4890D",
                    "pan_allotment_date": "2008-09-26",
                    "pan_name": "SXXXXXXR SXXXXXXXXXA KXXXXD",
                    "pan_operative_status": "operative",
                    "specified_person": "N"
                },
                "Filing Frequency": [
                    {
                        "preference": "M",
                        "quarter": "Q1"
                    },
                    {
                        "preference": "M",
                        "quarter": "Q2"
                    },
                    {
                        "preference": "M",
                        "quarter": "Q3"
                    },
                    {
                        "preference": "M",
                        "quarter": "Q4"
                    }
                ],
                "Filing Status": [
                    {
                        "arn": "AB291025182970Z",
                        "dof": "20-11-2025",
                        "mof": "ONLINE",
                        "ret_prd": "102025",
                        "rtntype": "GSTR3B",
                        "status": "Filed",
                        "valid": "Y"
                    },
                    {
                        "arn": "AB2904251700465",
                        "dof": "20-05-2025",
                        "mof": "ONLINE",
                        "ret_prd": "042025",
                        "rtntype": "GSTR3B",
                        "status": "Filed",
                        "valid": "Y"
                    },
                    {
                        "arn": "AB290725057317S",
                        "dof": "19-08-2025",
                        "mof": "ONLINE",
                        "ret_prd": "072025",
                        "rtntype": "GSTR3B",
                        "status": "Filed",
                        "valid": "Y"
                    },
                    {
                        "arn": "AB290525015243D",
                        "dof": "19-06-2025",
                        "mof": "ONLINE",
                        "ret_prd": "052025",
                        "rtntype": "GSTR3B",
                        "status": "Filed",
                        "valid": "Y"
                    },
                    {
                        "arn": "AB290625183367M",
                        "dof": "18-07-2025",
                        "mof": "ONLINE",
                        "ret_prd": "062025",
                        "rtntype": "GSTR3B",
                        "status": "Filed",
                        "valid": "Y"
                    },
                    {
                        "arn": "AA290825843693K",
                        "dof": "17-09-2025",
                        "mof": "ONLINE",
                        "ret_prd": "082025",
                        "rtntype": "GSTR3B",
                        "status": "Filed",
                        "valid": "Y"
                    },
                    {
                        "arn": "AA291125797562R",
                        "dof": "16-12-2025",
                        "mof": "ONLINE",
                        "ret_prd": "112025",
                        "rtntype": "GSTR3B",
                        "status": "Filed",
                        "valid": "Y"
                    },
                    {
                        "arn": "AA290925891521N",
                        "dof": "16-10-2025",
                        "mof": "ONLINE",
                        "ret_prd": "092025",
                        "rtntype": "GSTR3B",
                        "status": "Filed",
                        "valid": "Y"
                    },
                    {
                        "arn": "AA2912259492035",
                        "dof": "16-01-2026",
                        "mof": "ONLINE",
                        "ret_prd": "122025",
                        "rtntype": "GSTR3B",
                        "status": "Filed",
                        "valid": "Y"
                    },
                    {
                        "arn": "AA290925693438A",
                        "dof": "13-10-2025",
                        "mof": "ONLINE",
                        "ret_prd": "092025",
                        "rtntype": "GSTR1A",
                        "status": "Filed"
                    },
                    {
                        "arn": "AA291025598770T",
                        "dof": "12-11-2025",
                        "mof": "ONLINE",
                        "ret_prd": "102025",
                        "rtntype": "GSTR1A",
                        "status": "Filed"
                    },
                    {
                        "arn": "AA2911252396640",
                        "dof": "08-12-2025",
                        "mof": "ONLINE",
                        "ret_prd": "112025",
                        "rtntype": "GSTR1",
                        "status": "Filed",
                        "valid": "Y"
                    },
                    {
                        "arn": "AA2908252280907",
                        "dof": "08-09-2025",
                        "mof": "ONLINE",
                        "ret_prd": "082025",
                        "rtntype": "GSTR1",
                        "status": "Filed",
                        "valid": "Y"
                    },
                    {
                        "arn": "AA290925163753N",
                        "dof": "07-10-2025",
                        "mof": "ONLINE",
                        "ret_prd": "092025",
                        "rtntype": "GSTR1",
                        "status": "Filed",
                        "valid": "Y"
                    },
                    {
                        "arn": "AA290725232348W",
                        "dof": "07-08-2025",
                        "mof": "ONLINE",
                        "ret_prd": "072025",
                        "rtntype": "GSTR1",
                        "status": "Filed",
                        "valid": "Y"
                    },
                    {
                        "arn": "AA2906252113574",
                        "dof": "07-07-2025",
                        "mof": "ONLINE",
                        "ret_prd": "062025",
                        "rtntype": "GSTR1",
                        "status": "Filed",
                        "valid": "Y"
                    },
                    {
                        "arn": "AA290525182743T",
                        "dof": "07-06-2025",
                        "mof": "ONLINE",
                        "ret_prd": "052025",
                        "rtntype": "GSTR1",
                        "status": "Filed",
                        "valid": "Y"
                    },
                    {
                        "arn": "AA290425197294R",
                        "dof": "07-05-2025",
                        "mof": "ONLINE",
                        "ret_prd": "042025",
                        "rtntype": "GSTR1",
                        "status": "Filed",
                        "valid": "Y"
                    },
                    {
                        "arn": "AA291225214580F",
                        "dof": "06-01-2026",
                        "mof": "ONLINE",
                        "ret_prd": "122025",
                        "rtntype": "GSTR1",
                        "status": "Filed",
                        "valid": "Y"
                    },
                    {
                        "arn": "AA291025129987R",
                        "dof": "05-11-2025",
                        "mof": "ONLINE",
                        "ret_prd": "102025",
                        "rtntype": "GSTR1",
                        "status": "Filed",
                        "valid": "Y"
                    }
                ],
                "Pan_Status": {
                    "aadhaar_linked": true,
                    "aadhaar_number": "XXXXXXXX6857",
                    "aadhaar_seeding_status": "Y",
                    "address": {
                        "building_name": "No 228 vinayaka krupa nilaya",
                        "city": "BANGALORE",
                        "country": "India",
                        "locality": "Bangalore North",
                        "pincode": "560072",
                        "state": "Karnataka",
                        "street_name": "2nd main 6th cross"
                    },
                    "dob": "22/07/1987",
                    "email": "",
                    "first_name": "SHRIDHAR",
                    "fullname": "SHRIDHAR SHANKAREPPA KAGGOD",
                    "gender": "male",
                    "last_name": "KAGGOD",
                    "middle_name": "SHANKAREPPA",
                    "mobile": "",
                    "pan": "BDRPK4890D",
                    "pan_status": "Active",
                    "pan_type": "Individual"
                },
                "customer_gst_data": {
                    "Address": "No.71 , EPIP Industrial Area , Road No.3 , Bengaluru Urban , Karnataka , 560066",
                    "Central tax Jurisdiction": "RANGE-BED7",
                    "Central tax Jurisdiction Code": "YT0702",
                    "Date of Registration": "01/07/2017",
                    "Duty": "Regular",
                    "E-Invoice Status": "Yes",
                    "Gstin": "29AAGCG0335D2ZX",
                    "Legal Name": "GLODESI TECHNOLOGIES PRIVATE LIMITED",
                    "Nature of Business Activity": [
                        "Factory / Manufacturing"
                    ],
                    "State Jurisdiction Code": "KA119",
                    "Trade Name": "GLODESI TECHNOLOGIES PRIVATE LIMITED"
                },
                "vendor_gst_data": {
                    "Address": "20/2 , SAI FASTENERS , 14th E cross , Bengaluru Urban , Karnataka , 560044",
                    "Central tax Jurisdiction": "RANGE-EWD2",
                    "Central tax Jurisdiction Code": "YU0205",
                    "Date of Registration": "01/07/2017",
                    "Duty": "Regular",
                    "E-Invoice Status": "No",
                    "Gstin": "29BDRPK4890D1Z1",
                    "Legal Name": "SHRIDHAR SHANKAREPPA KAGGOD",
                    "Nature of Business Activity": [
                        "Factory / Manufacturing"
                    ],
                    "State Jurisdiction Code": "KA020",
                    "Trade Name": "SAI INDUSTRIES"
                }
            },
            "e-invoice_data": {
                "einvoice_liability": "No",
                "reason": "Vendor is not liable to raise E-Invoice",
                "status": "okay_"
            },
            "eway_bill_data": {
                "Invoice_No": {
                    "e-waybill": "Eway bill Number not found or ocr is unable to capture it",
                    "invoice": "FY25-26/36",
                    "color": "r"
                },
                "Total_Amount": {
                    "e-waybill": "Eway bill Number not found or ocr is unable to capture it",
                    "invoice": "106200.00",
                    "color": "r"
                },
                "Vendor_Gst": {
                    "e-waybill": "Eway bill Number not found or ocr is unable to capture it",
                    "invoice": "29BDRPK4890D1Z1",
                    "color": "r"
                },
                "reason": "Vendor is liable to raise E-Way Bill, but Eway bill Number not found or ocr is unable to capture it",
                "status": "not okay"
            },
            "table_data": {
                "Table_Check_data": "[{\"item_description\":\"FABRICATED Enclosure\",\"item_quantity\":3.0,\"unit\":\"Nos\",\"unit_price\":5000.0,\"tax\":\"\\u20b92700.0\",\"tax_rate\":18,\"amount\":17700.0,\"qty_unitprice\":15000.0,\"qty_unit+rate_qty_unit\":17700.0,\"qty_unit+2_rate_qty_unit\":20400.0,\"check1\":\"correct\"},{\"item_description\":\"FABRICATED LED COVER\",\"item_quantity\":3.0,\"unit\":\"Nos\",\"unit_price\":2100.0,\"tax\":\"\\u20b91134.0\",\"tax_rate\":18,\"amount\":7434.0,\"qty_unitprice\":6300.0,\"qty_unit+rate_qty_unit\":7434.0,\"qty_unit+2_rate_qty_unit\":8568.0,\"check1\":\"correct\"},{\"item_description\":\"MACHINED ODK 1.15\\nBOLT\",\"item_quantity\":3.0,\"unit\":\"Nos\",\"unit_price\":1000.0,\"tax\":\"\\u20b9540.0\",\"tax_rate\":18,\"amount\":3540.0,\"qty_unitprice\":3000.0,\"qty_unit+rate_qty_unit\":3540.0,\"qty_unit+2_rate_qty_unit\":4080.0,\"check1\":\"correct\"},{\"item_description\":\"MACHINED DRIVERS\\nPANEL MOUNTING\\nBLOCK\",\"item_quantity\":10.0,\"unit\":\"Nos\",\"unit_price\":1140.0,\"tax\":\"\\u20b92052.0\",\"tax_rate\":18,\"amount\":13452.0,\"qty_unitprice\":11400.0,\"qty_unit+rate_qty_unit\":13452.0,\"qty_unit+2_rate_qty_unit\":15504.0,\"check1\":\"correct\"},{\"item_description\":\"MACHINED PANEL BASIS\\nMOUNTING BLOCK -1\",\"item_quantity\":10.0,\"unit\":\"Nos\",\"unit_price\":1140.0,\"tax\":\"\\u20b92052.0\",\"tax_rate\":18,\"amount\":13452.0,\"qty_unitprice\":11400.0,\"qty_unit+rate_qty_unit\":13452.0,\"qty_unit+2_rate_qty_unit\":15504.0,\"check1\":\"correct\"},{\"item_description\":\"MACHINED PANEL BASIS\\nMOUNTING BLOCK -2\",\"item_quantity\":10.0,\"unit\":\"Nos\",\"unit_price\":1140.0,\"tax\":\"\\u20b92052.0\",\"tax_rate\":18,\"amount\":13452.0,\"qty_unitprice\":11400.0,\"qty_unit+rate_qty_unit\":13452.0,\"qty_unit+2_rate_qty_unit\":15504.0,\"check1\":\"correct\"},{\"item_description\":\"FABRICATED LOWER\\nBRACKET\",\"item_quantity\":10.0,\"unit\":\"Nos\",\"unit_price\":1000.0,\"tax\":\"\\u20b91800.0\",\"tax_rate\":18,\"amount\":11800.0,\"qty_unitprice\":10000.0,\"qty_unit+rate_qty_unit\":11800.0,\"qty_unit+2_rate_qty_unit\":13600.0,\"check1\":\"correct\"},{\"item_description\":\"FABRICATED UPPER\\nBRACKET\",\"item_quantity\":10.0,\"unit\":\"Nos\",\"unit_price\":800.0,\"tax\":\"\\u20b91440.0\",\"tax_rate\":18,\"amount\":9440.0,\"qty_unitprice\":8000.0,\"qty_unit+rate_qty_unit\":9440.0,\"qty_unit+2_rate_qty_unit\":10880.0,\"check1\":\"correct\"},{\"item_description\":\"MACHINED BLOCK\\nDRIVERS PANEL-IND\",\"item_quantity\":15.0,\"unit\":\"Nos\",\"unit_price\":900.0,\"tax\":\"\\u20b92430.0\",\"tax_rate\":18,\"amount\":15930.0,\"qty_unitprice\":13500.0,\"qty_unit+rate_qty_unit\":15930.0,\"qty_unit+2_rate_qty_unit\":18360.0,\"check1\":\"correct\"}]"
            },
            "tax_check": {
                "Company_Gst_Valid": {
                    "Gst_Portal": "",
                    "Invoice_data": "",
                    "status": "YES"
                },
                "Company_Gst_mentioned": {
                    "Gst_Portal": "",
                    "Invoice_data": "",
                    "status": "YES"
                },
                "Vendor_206AB": {
                    "Gst_Portal": "N",
                    "Invoice_data": "",
                    "status": "Okay"
                },
                "Vendor_Filing_status": {
                    "Gst_Portal": "",
                    "Invoice_data": " ",
                    "status": "Filled"
                },
                "Vendor_Gst_Active": {
                    "Gst_Portal": "",
                    "Invoice_data": "Active",
                    "status": "YES"
                },
                "Vendor_Gst_Valid": {
                    "Gst_Portal": "",
                    "Invoice_data": "29BDRPK4890D1Z1",
                    "status": "YES"
                },
                "Vendor_Gst_mentioned": {
                    "Gst_Portal": "",
                    "Invoice_data": "29BDRPK4890D1Z1",
                    "status": "YES"
                },
                "Vendor_Pan-Adhar_Linked": {
                    "Gst_Portal": true,
                    "Invoice_data": "",
                    "status": "Okay"
                },
                "Vendor_Pan_Active": {
                    "Gst_Portal": "Active",
                    "Invoice_data": "",
                    "status": "Okay"
                },
                "Vendor_TaxPayer_type": {
                    "Gst_Portal": "Regular",
                    "Invoice_data": "-",
                    "status": "Regular"
                },
                "Vendor_Taxfiliging_Frequency": {
                    "Gst_Portal": "Monthly",
                    "Invoice_data": " ",
                    "status": "Monthly"
                },
                "tax_type_on_invoice": {
                    "Gst_Portal": " ",
                    "Invoice_data": " ",
                    "status": "Okay"
                }
            }
        },
        "Invoice_data": {
            "Ack_No": null,
            "Bank_Details": {
                "Account_holder_name": "INDUSTRIES",
                "Bank_Account_No": "10080749937",
                "Bank_Branch": "RAJAJINAGAR BRANCH",
                "Bank_Name": "IDFC FIRST Bank",
                "Email": null,
                "IFSC_Code": "IDFB0080169",
                "VendorAddress": "20/2, 14th E cross RAJAJINAGAR INDUSTRIAL TOWN,BANGALORE, None, None, None, None"
            },
            "BillingAddress": "No.151, Hoodi\nVillage, KR Puram hobli Bangalore, -560066, karnataka, None, India",
            "BillingAddressRecipient": "GLODESI TECHNOLOGIES PRIVATE\nLIMITED",
            "Currency": "INR",
            "CustomerName": "GLODESI TECHNOLOGIES PRIVATE\nLIMITED",
            "Cutomer Gst No.": "29AAGCG0335D2ZX",
            "EwayBill_No": null,
            "Invoice items:": {
                "item#1": {
                    "amount": "17700.0",
                    "item_description": "FABRICATED Enclosure",
                    "item_quantity": 3.0,
                    "tax": "\u20b92700.0",
                    "tax_rate": "(18%)",
                    "unit": "Nos",
                    "unit_price": "5000.0"
                },
                "item#2": {
                    "amount": "7434.0",
                    "item_description": "FABRICATED LED COVER",
                    "item_quantity": 3.0,
                    "tax": "\u20b91134.0",
                    "tax_rate": "(18%)",
                    "unit": "Nos",
                    "unit_price": "2100.0"
                },
                "item#3": {
                    "amount": "3540.0",
                    "item_description": "MACHINED ODK 1.15\nBOLT",
                    "item_quantity": 3.0,
                    "tax": "\u20b9540.0",
                    "tax_rate": "(18%)",
                    "unit": "Nos",
                    "unit_price": "1000.0"
                },
                "item#4": {
                    "amount": "13452.0",
                    "item_description": "MACHINED DRIVERS\nPANEL MOUNTING\nBLOCK",
                    "item_quantity": 10.0,
                    "tax": "\u20b92052.0",
                    "tax_rate": "(18%)",
                    "unit": "Nos",
                    "unit_price": "1140.0"
                },
                "item#5": {
                    "amount": "13452.0",
                    "item_description": "MACHINED PANEL BASIS\nMOUNTING BLOCK -1",
                    "item_quantity": 10.0,
                    "tax": "\u20b92052.0",
                    "tax_rate": "(18%)",
                    "unit": "Nos",
                    "unit_price": "1140.0"
                },
                "item#6": {
                    "amount": "13452.0",
                    "item_description": "MACHINED PANEL BASIS\nMOUNTING BLOCK -2",
                    "item_quantity": 10.0,
                    "tax": "\u20b92052.0",
                    "tax_rate": "(18%)",
                    "unit": "Nos",
                    "unit_price": "1140.0"
                },
                "item#7": {
                    "amount": "11800.0",
                    "item_description": "FABRICATED LOWER\nBRACKET",
                    "item_quantity": 10.0,
                    "tax": "\u20b91800.0",
                    "tax_rate": "(18%)",
                    "unit": "Nos",
                    "unit_price": "1000.0"
                },
                "item#8": {
                    "amount": "9440.0",
                    "item_description": "FABRICATED UPPER\nBRACKET",
                    "item_quantity": 10.0,
                    "tax": "\u20b91440.0",
                    "tax_rate": "(18%)",
                    "unit": "Nos",
                    "unit_price": "800.0"
                },
                "item#9": {
                    "amount": "15930.0",
                    "item_description": "MACHINED BLOCK\nDRIVERS PANEL-IND",
                    "item_quantity": 15.0,
                    "tax": "\u20b92430.0",
                    "tax_rate": "(18%)",
                    "unit": "Nos",
                    "unit_price": "900.0"
                }
            },
            "InvoiceDate": "2025-05-30",
            "InvoiceId": "FY25-26/36",
            "InvoiceTotal": "106200.00",
            "Irn_No": null,
            "PurchaseOrder": "241000456",
            "ShippingAddress": "survey No.\n151, Hoodi Village, KR Puram hobli\nBangalore, -560066, Karnataka, None, India",
            "SubTotal": "90000.00",
            "Tax Items": {
                "CGST": {
                    "amount": "8100.00"
                },
                "SGST": {
                    "amount": "8100.00"
                }
            },
            "Tax_Invoice": "Tax Invoice",
            "TotalTax": 16200.0,
            "Vendor Gst No.": "29BDRPK4890D1Z1",
            "VendorAddress": "20/2, 14th E cross RAJAJINAGAR INDUSTRIAL TOWN,BANGALORE, None, None, None, None",
            "VendorAddressRecipient": "SAI INDUSTRIES",
            "VendorName": "INDUSTRIES",
            "relevent_page": [
                0
            ]
        },
        "Okay_NotOkay": {
            "status": "Not All Okay",
            "message": [
                "Customer_Adress Not Matched",
                "Vendor_Filing_status"
            ]
        }
    }
}